1	C11	(1/(+C14+C11+C1))	OP-	C25	(1/(+C22+C26+C25+C2+C23))	OP-	1
1	C11	(1/(+C14+C11+C1))	OP-	C25	(1/(+C22+C26+C25+C2+C23))	OP-	-z^-1C2	(1/(+C2+C23))	OP-	1
1	C11	(1/(+C14+C11+C1))	OP-	C25	(1/(+C22+C26+C25+C2+C23))	alternatives[z^-1C2 | z^-1C23]	(1/(+C2+C23))	OP-	1
1	C11	(1/(+C14+C11+C1))	OP-	C25	(1/(+C22+C26+C25+C2+C23))	alternatives[z^-1C2 | z^-1C23]	(1/(+C2+C23))	OP-	1
1	alternatives[C22 | C23]	(1/(+C22+C26+C25+C2+C23))	OP-	1
1	alternatives[C22 | C23]	(1/(+C22+C26+C25+C2+C23))	OP-	-z^-1C2	(1/(+C2+C23))	OP-	1
1	alternatives[C22 | C23]	(1/(+C22+C26+C25+C2+C23))	alternatives[z^-1C2 | z^-1C23]	(1/(+C2+C23))	OP-	1
1	alternatives[C22 | C23]	(1/(+C22+C26+C25+C2+C23))	alternatives[z^-1C2 | z^-1C23]	(1/(+C2+C23))	OP-	1
1	alternatives[C22 | C23]	(1/(+C22+C26+C25+C2+C23))	OP-	1
1	alternatives[C22 | C23]	(1/(+C22+C26+C25+C2+C23))	OP-	-z^-1C2	(1/(+C2+C23))	OP-	1
1	alternatives[C22 | C23]	(1/(+C22+C26+C25+C2+C23))	alternatives[z^-1C2 | z^-1C23]	(1/(+C2+C23))	OP-	1
1	alternatives[C22 | C23]	(1/(+C22+C26+C25+C2+C23))	alternatives[z^-1C2 | z^-1C23]	(1/(+C2+C23))	OP-	1
1	-z^-1C23	(1/(+C2+C23))	OP-	1
1	-z^-1C23	(1/(+C2+C23))	OP-	-z^-1C2	(1/(+C22+C26+C25+C2+C23))	OP-	1
1	-z^-1C23	(1/(+C2+C23))	alternatives[z^-1C2 | z^-1C23]	(1/(+C22+C26+C25+C2+C23))	OP-	1
1	-z^-1C23	(1/(+C2+C23))	alternatives[z^-1C2 | z^-1C23]	(1/(+C22+C26+C25+C2+C23))	OP-	1
1	C23	(1/(+C2+C23))	OP-	1
1	C23	(1/(+C2+C23))	OP-	-z^-1C2	(1/(+C22+C26+C25+C2+C23))	OP-	1
1	C23	(1/(+C2+C23))	alternatives[z^-1C2 | z^-1C23]	(1/(+C22+C26+C25+C2+C23))	OP-	1
1	C23	(1/(+C2+C23))	alternatives[z^-1C2 | z^-1C23]	(1/(+C22+C26+C25+C2+C23))	OP-	1
1	-z^-1C23	(1/(+C22+C26+C25+C2+C23))	OP-	1
1	-z^-1C23	(1/(+C22+C26+C25+C2+C23))	OP-	-z^-1C2	(1/(+C2+C23))	OP-	1
1	-z^-1C23	(1/(+C22+C26+C25+C2+C23))	alternatives[z^-1C2 | z^-1C23]	(1/(+C2+C23))	OP-	1
1	-z^-1C23	(1/(+C22+C26+C25+C2+C23))	alternatives[z^-1C2 | z^-1C23]	(1/(+C2+C23))	OP-	1
