(1/(+C2+C23))	z^-1C2	(1/(+C22+C26+C25+C2+C23))	z^-1C2
(1/(+C2+C23))	z^-1C2	(1/(+C22+C26+C25+C2+C23))	z^-1C23
(1/(+C2+C23))	z^-1C23	(1/(+C22+C26+C25+C2+C23))	z^-1C2
(1/(+C2+C23))	z^-1C23	(1/(+C22+C26+C25+C2+C23))	z^-1C23
(1/(+C2+C23))	OP-	-z^-1C2	(1/(+C22+C26+C25+C2+C23))	z^-1C2
(1/(+C2+C23))	OP-	-z^-1C2	(1/(+C22+C26+C25+C2+C23))	z^-1C23
(1/(+C2+C23))	z^-1C2	(1/(+C22+C26+C25+C2+C23))	OP-	-z^-1C2
(1/(+C2+C23))	z^-1C23	(1/(+C22+C26+C25+C2+C23))	OP-	-z^-1C2
(1/(+C2+C23))	OP-	-z^-1C2	(1/(+C22+C26+C25+C2+C23))	OP-	-z^-1C2
(1/(+C22+C26+C25+C2+C23))	OP-	C14	(1/(+C14+C11+C1))	OP-	C25
(1/(+C22+C26+C25+C2+C23))	OP-	C2
(1/(+C22+C26+C25+C2+C23))	OP-	C26
(1/(+C2+C23))	OP-	C2
(1/(+C1))	z^-1C1	(1/(+C14+C11+C1))	z^-1C1
(1/(+C1))	OP-	-z^-1C1	(1/(+C14+C11+C1))	z^-1C1
(1/(+C1))	z^-1C1	(1/(+C14+C11+C1))	OP-	-z^-1C1
(1/(+C1))	OP-	-z^-1C1	(1/(+C14+C11+C1))	OP-	-z^-1C1
(1/(+C14+C11+C1))	OP-	C1
(1/(+C1))	OP-	C1
